{"cameraMode":{"drawMode":0,"name":"Shaded","section":"Shading Mode"},"sceneLighting":true,"audioPlay":false,"sceneViewState":{"m_AlwaysRefresh":false,"showFog":true,"showSkybox":true,"showFlares":true,"showImageEffects":true,"showParticleSystems":true,"showVisualEffectGraphs":true,"m_FxEnabled":true},"in2DMode":false,"pivot":{"x":-4.090000152587891,"y":0.9599999785423279,"z":-3.0299999713897707},"rotation":{"x":0.07916636765003205,"y":0.4767707586288452,"z":-0.043208833783864978,"w":0.8744229078292847},"size":0.5535123944282532,"orthographic":false}